"location","year","pop"
"AUS",1970,12663.469
"AUS",1971,13198.38
"AUS",1972,13409.288
"AUS",1973,13614.344
"AUS",1974,13831.978
"AUS",1975,13968.881
"AUS",1976,14110.107
"AUS",1977,14281.533
"AUS",1978,14430.83
"AUS",1979,14602.481
"AUS",1980,14807.37
"AUS",1981,14923.3
"AUS",1982,15184.2
"AUS",1983,15393.5
"AUS",1984,15579.4
"AUS",1985,15788.3
"AUS",1986,16018.4
"AUS",1987,16263.9
"AUS",1988,16532.2
"AUS",1989,16814.4
"AUS",1990,17065.1
"AUS",1991,17284
"AUS",1992,17478.6
"AUS",1993,17634.8
"AUS",1994,17805.5
"AUS",1995,18004.9
"AUS",1996,18224.8
"AUS",1997,18423
"AUS",1998,18607.6
"AUS",1999,18812.3
"AUS",2000,19028.8
"AUS",2001,19274.7
"AUS",2002,19495.2
"AUS",2003,19720.7
"AUS",2004,19932.7
"AUS",2005,20176.8
"AUS",2006,20451
"AUS",2007,20827.6
"AUS",2008,21249.2
"AUS",2009,21691.7
"AUS",2010,22031.8
"AUS",2011,22340
"AUS",2012,22733.5
"AUS",2013,23128.1
"AUS",2014,23475.7
"AUS",2015,23816
"AUS",2016,24190.9
"AUS",2017,24601.9
"AUS",2018,24992.9
"AUT",1970,7466.531215
"AUT",1971,7500.529081
"AUT",1972,7543.526381
"AUT",1973,7585.523744
"AUT",1974,7598.522928
"AUT",1975,7578.524184
"AUT",1976,7565.525
"AUT",1977,7568.43
"AUT",1978,7562.305
"AUT",1979,7549.425
"AUT",1980,7549.433
"AUT",1981,7568.71
"AUT",1982,7574.14
"AUT",1983,7561.91
"AUT",1984,7561.434
"AUT",1985,7564.984
"AUT",1986,7569.794
"AUT",1987,7574.586
"AUT",1988,7585.317
"AUT",1989,7619.566
"AUT",1990,7677.85
"AUT",1991,7754.891
"AUT",1992,7840.709
"AUT",1993,7905.632
"AUT",1994,7936.118
"AUT",1995,7948.278
"AUT",1996,7959.016
"AUT",1997,7968.041
"AUT",1998,7976.789
"AUT",1999,7992.323
"AUT",2000,8011.566
"AUT",2001,8042.293
"AUT",2002,8082.121
"AUT",2003,8118.245
"AUT",2004,8169.441
"AUT",2005,8225.278
"AUT",2006,8267.948
"AUT",2007,8295.189
"AUT",2008,8321.541
"AUT",2009,8341.483
"AUT",2010,8361.069
"AUT",2011,8388.534
"AUT",2012,8426.311
"AUT",2013,8477.23
"AUT",2014,8543.932
"AUT",2015,8629.519
"AUT",2016,8739.806
"AUT",2017,8795.073
"AUT",2018,8837.707
"BEL",1970,9625.111808
"BEL",1971,9660.065005
"BEL",1972,9696.016865
"BEL",1973,9724.978086
"BEL",1974,9754.937969
"BEL",1975,9781.901864
"BEL",1976,9797.880468
"BEL",1977,9808.865759
"BEL",1978,9816.855061
"BEL",1979,9823.8457
"BEL",1980,9833.832328
"BEL",1981,9840.822967
"BEL",1982,9848.81227
"BEL",1983,9853.805584
"BEL",1984,9854.805564
"BEL",1985,9856.805524
"BEL",1986,9858.805485
"BEL",1987,9869.805268
"BEL",1988,9903.804597
"BEL",1989,9939.803887
"BEL",1990,9967.803334
"BEL",1991,10005.802585
"BEL",1992,10046.801776
"BEL",1993,10085.801006
"BEL",1994,10115.800414
"BEL",1995,10136.8
"BEL",1996,10156.6
"BEL",1997,10180.7
"BEL",1998,10202.4
"BEL",1999,10226.4
"BEL",2000,10251.2
"BEL",2001,10286.6
"BEL",2002,10332.8
"BEL",2003,10376.1
"BEL",2004,10421.1
"BEL",2005,10478.6
"BEL",2006,10548
"BEL",2007,10625.7
"BEL",2008,10710
"BEL",2009,10796.5
"BEL",2010,10895.6
"BEL",2011,10993.6
"BEL",2012,11067.8
"BEL",2013,11125
"BEL",2014,11179.8
"BEL",2015,11238.5
"BEL",2016,11295
"BEL",2017,11349.1
"BEL",2018,11403.7
"CAN",1970,21680.19
"CAN",1971,21962.032
"CAN",1972,22218.463
"CAN",1973,22491.777
"CAN",1974,22807.969
"CAN",1975,23143.275
"CAN",1976,23449.808
"CAN",1977,23725.843
"CAN",1978,23963.203
"CAN",1979,24201.544
"CAN",1980,24515.667
"CAN",1981,24819.915
"CAN",1982,25116.942
"CAN",1983,25366.451
"CAN",1984,25607.053
"CAN",1985,25842.116
"CAN",1986,26100.278
"CAN",1987,26446.601
"CAN",1988,26791.747
"CAN",1989,27276.781
"CAN",1990,27691.138
"CAN",1991,28037.42
"CAN",1992,28371.264
"CAN",1993,28684.764
"CAN",1994,29000.663
"CAN",1995,29302.311
"CAN",1996,29610.218
"CAN",1997,29905.948
"CAN",1998,30155.173
"CAN",1999,30401.286
"CAN",2000,30685.73
"CAN",2001,31020.596
"CAN",2002,31358.418
"CAN",2003,31641.63
"CAN",2004,31938.004
"CAN",2005,32242.364
"CAN",2006,32570.505
"CAN",2007,32887.928
"CAN",2008,33245.773
"CAN",2009,33628.571
"CAN",2010,34005.274
"CAN",2011,34342.78
"CAN",2012,34750.545
"CAN",2013,35152.37
"CAN",2014,35535.348
"CAN",2015,35702.908
"CAN",2016,36109.487
"CAN",2017,36540.268
"CAN",2018,37058.856
"CZE",1970,9805
"CZE",1971,9831
"CZE",1972,9868
"CZE",1973,9922
"CZE",1974,9989
"CZE",1975,10062
"CZE",1976,10128
"CZE",1977,10189
"CZE",1978,10246
"CZE",1979,10297
"CZE",1980,10327
"CZE",1981,10303
"CZE",1982,10314
"CZE",1983,10323
"CZE",1984,10331
"CZE",1985,10337
"CZE",1986,10341
"CZE",1987,10349
"CZE",1988,10356
"CZE",1989,10362
"CZE",1990,10362.74
"CZE",1991,10308.682
"CZE",1992,10317.807
"CZE",1993,10330.607
"CZE",1994,10336.162
"CZE",1995,10330.759
"CZE",1996,10315.353
"CZE",1997,10303.642
"CZE",1998,10294.943
"CZE",1999,10282.784
"CZE",2000,10272.503
"CZE",2001,10224.192
"CZE",2002,10200.774
"CZE",2003,10201.651
"CZE",2004,10206.923
"CZE",2005,10234.092
"CZE",2006,10266.646
"CZE",2007,10322.689
"CZE",2008,10429.692
"CZE",2009,10491.492
"CZE",2010,10517.247
"CZE",2011,10496.672
"CZE",2012,10509.286
"CZE",2013,10510.719
"CZE",2014,10524.783
"CZE",2015,10542.942
"CZE",2016,10565.284
"CZE",2017,10589.526
"CZE",2018,10626.43
"DNK",1970,4938
"DNK",1971,4963
"DNK",1972,4992
"DNK",1973,5022
"DNK",1974,5045
"DNK",1975,5060
"DNK",1976,5073
"DNK",1977,5089
"DNK",1978,5105
"DNK",1979,5118
"DNK",1980,5124
"DNK",1981,5122
"DNK",1982,5118
"DNK",1983,5114
"DNK",1984,5111
"DNK",1985,5113
"DNK",1986,5120
"DNK",1987,5127
"DNK",1988,5130
"DNK",1989,5132
"DNK",1990,5140
"DNK",1991,5154
"DNK",1992,5171
"DNK",1993,5189
"DNK",1994,5206
"DNK",1995,5230
"DNK",1996,5262
"DNK",1997,5285
"DNK",1998,5303
"DNK",1999,5321
"DNK",2000,5338
"DNK",2001,5357
"DNK",2002,5376
"DNK",2003,5390
"DNK",2004,5403
"DNK",2005,5419
"DNK",2006,5437
"DNK",2007,5460
"DNK",2008,5493
"DNK",2009,5523
"DNK",2010,5547
"DNK",2011,5570
"DNK",2012,5591
"DNK",2013,5613
"DNK",2014,5643
"DNK",2015,5682
"DNK",2016,5729
"DNK",2017,5767
"DNK",2018,5794
"FIN",1970,4606
"FIN",1971,4612
"FIN",1972,4640
"FIN",1973,4666
"FIN",1974,4691
"FIN",1975,4711.4
"FIN",1976,4725.7
"FIN",1977,4738.9
"FIN",1978,4752.5
"FIN",1979,4764.7
"FIN",1980,4779.5
"FIN",1981,4800
"FIN",1982,4826.9
"FIN",1983,4855.8
"FIN",1984,4881.8
"FIN",1985,4902.2
"FIN",1986,4918.2
"FIN",1987,4932.1
"FIN",1988,4946.5
"FIN",1989,4964.4
"FIN",1990,4986.4
"FIN",1991,5013.7
"FIN",1992,5042
"FIN",1993,5066.4
"FIN",1994,5088.3
"FIN",1995,5107.8
"FIN",1996,5124.6
"FIN",1997,5139.8
"FIN",1998,5153.5
"FIN",1999,5165.5
"FIN",2000,5176.2
"FIN",2001,5188
"FIN",2002,5200.6
"FIN",2003,5213
"FIN",2004,5228.2
"FIN",2005,5246.1
"FIN",2006,5266.3
"FIN",2007,5288.7
"FIN",2008,5313.4
"FIN",2009,5338.9
"FIN",2010,5363.4
"FIN",2011,5388.3
"FIN",2012,5414
"FIN",2013,5439
"FIN",2014,5462.5
"FIN",2015,5480.5
"FIN",2016,5495.3
"FIN",2017,5508.2
"FIN",2018,5516.2
"FRA",1970,51944
"FRA",1971,52439
"FRA",1972,52907
"FRA",1973,53333
"FRA",1974,53682
"FRA",1975,53932
"FRA",1976,54149
"FRA",1977,54395
"FRA",1978,54634
"FRA",1979,54873
"FRA",1980,55157
"FRA",1981,55470
"FRA",1982,55805
"FRA",1983,56107
"FRA",1984,56381
"FRA",1985,56663
"FRA",1986,56953
"FRA",1987,57263
"FRA",1988,57594
"FRA",1989,57938
"FRA",1990,58256
"FRA",1991,58548
"FRA",1992,58839
"FRA",1993,59095
"FRA",1994,59315
"FRA",1995,59530
"FRA",1996,59742
"FRA",1997,59955
"FRA",1998,60176
"FRA",1999,60487
"FRA",2000,60903
"FRA",2001,61348
"FRA",2002,61796
"FRA",2003,62235
"FRA",2004,62695
"FRA",2005,63168
"FRA",2006,63609
"FRA",2007,64003
"FRA",2008,64361
"FRA",2009,64692
"FRA",2010,65011
"FRA",2011,65330
"FRA",2012,65651
"FRA",2013,65991
"FRA",2014,66312
"FRA",2015,66581
"FRA",2016,66828
"FRA",2017,67063
"FRA",2018,67274
"DEU",1970,77709
"DEU",1971,78345
"DEU",1972,78715
"DEU",1973,78956
"DEU",1974,78979
"DEU",1975,78679
"DEU",1976,78317
"DEU",1977,78165
"DEU",1978,78082
"DEU",1979,78104
"DEU",1980,78303
"DEU",1981,78418
"DEU",1982,78335
"DEU",1983,78122
"DEU",1984,77846
"DEU",1985,77668
"DEU",1986,77690
"DEU",1987,77718
"DEU",1988,78115
"DEU",1989,78677
"DEU",1990,79364
"DEU",1991,79973
"DEU",1992,80500
"DEU",1993,80946
"DEU",1994,81147
"DEU",1995,81308
"DEU",1996,81466
"DEU",1997,81510
"DEU",1998,81446
"DEU",1999,81422
"DEU",2000,81457
"DEU",2001,81517
"DEU",2002,81578
"DEU",2003,81549
"DEU",2004,81456
"DEU",2005,81337
"DEU",2006,81173
"DEU",2007,80992
"DEU",2008,80764
"DEU",2009,80483
"DEU",2010,80284
"DEU",2011,80275
"DEU",2012,80426
"DEU",2013,80646
"DEU",2014,80983
"DEU",2015,81687
"DEU",2016,82349
"DEU",2017,82657
"DEU",2018,82906
"GRC",1970,8884.147739
"GRC",1971,8922.485575
"GRC",1972,8981.084857
"GRC",1973,9021.508429
"GRC",1974,9054.880224
"GRC",1975,9139.700201
"GRC",1976,9261.964127
"GRC",1977,9404.390178
"GRC",1978,9527.746632
"GRC",1979,9646.931612
"GRC",1980,9742.875521
"GRC",1981,9829.781236
"GRC",1982,9891.459463
"GRC",1983,9949.065537
"GRC",1984,9998.527304
"GRC",1985,10036.96446
"GRC",1986,10070.236933
"GRC",1987,10104.601936
"GRC",1988,10140.953355
"GRC",1989,10194.487275
"GRC",1990,10266.296226
"GRC",1991,10353.20194
"GRC",1992,10428.983724
"GRC",1993,10486.490476
"GRC",1994,10534.065148
"GRC",1995,10562.164
"GRC",1996,10608.821
"GRC",1997,10661.312
"GRC",1998,10720.566
"GRC",1999,10761.705
"GRC",2000,10805.796
"GRC",2001,10862.146
"GRC",2002,10902.005
"GRC",2003,10928.091
"GRC",2004,10955.163
"GRC",2005,10987.352
"GRC",2006,11020.393
"GRC",2007,11048.499
"GRC",2008,11077.863
"GRC",2009,11107.024
"GRC",2010,11121.383
"GRC",2011,11104.995
"GRC",2012,11045.04
"GRC",2013,10965.241
"GRC",2014,10892.369
"GRC",2015,10820.964
"GRC",2016,10775.989
"GRC",2017,10754.701
"GRC",2018,10727.56
"HUN",1970,10337
"HUN",1971,10365
"HUN",1972,10394
"HUN",1973,10426
"HUN",1974,10472
"HUN",1975,10532
"HUN",1976,10589
"HUN",1977,10638
"HUN",1978,10674
"HUN",1979,10698
"HUN",1980,10707
"HUN",1981,10700
"HUN",1982,10683
"HUN",1983,10656
"HUN",1984,10620
"HUN",1985,10579
"HUN",1986,10534
"HUN",1987,10486
"HUN",1988,10443
"HUN",1989,10398
"HUN",1990,10365
"HUN",1991,10346
"HUN",1992,10324
"HUN",1993,10294
"HUN",1994,10261
"HUN",1995,10328.965
"HUN",1996,10311.238
"HUN",1997,10290.486
"HUN",1998,10266.57
"HUN",1999,10237.53
"HUN",2000,10210.971
"HUN",2001,10187.576
"HUN",2002,10158.608
"HUN",2003,10129.552
"HUN",2004,10107.146
"HUN",2005,10087.065
"HUN",2006,10071.37
"HUN",2007,10055.78
"HUN",2008,10038.188
"HUN",2009,10022.65
"HUN",2010,10000.023
"HUN",2011,9971.727
"HUN",2012,9920.362
"HUN",2013,9893.082
"HUN",2014,9866.468
"HUN",2015,9843.028
"HUN",2016,9814.023
"HUN",2017,9787.966
"HUN",2018,9775.564
"ISL",1970,204.105
"ISL",1971,206.092
"ISL",1972,209.275
"ISL",1973,212.364
"ISL",1974,215.324
"ISL",1975,218.031
"ISL",1976,220.133
"ISL",1977,221.823
"ISL",1978,223.587
"ISL",1979,225.749
"ISL",1980,228.161
"ISL",1981,230.803
"ISL",1982,233.997
"ISL",1983,237.041
"ISL",1984,239.498
"ISL",1985,241.403
"ISL",1986,243.209
"ISL",1987,245.962
"ISL",1988,249.885
"ISL",1989,252.746
"ISL",1990,254.788
"ISL",1991,257.965
"ISL",1992,261.103
"ISL",1993,263.783
"ISL",1994,266.006
"ISL",1995,267.4
"ISL",1996,268.9
"ISL",1997,270.9
"ISL",1998,273.8
"ISL",1999,277.2
"ISL",2000,281.2
"ISL",2001,285.1
"ISL",2002,287.6
"ISL",2003,289.3
"ISL",2004,292.6
"ISL",2005,295.9
"ISL",2006,304.3
"ISL",2007,311.4
"ISL",2008,319.4
"ISL",2009,319.2
"ISL",2010,318
"ISL",2011,319
"ISL",2012,320.7
"ISL",2013,323.8
"ISL",2014,327.4
"ISL",2015,330.8
"ISL",2016,335.4
"ISL",2017,343.4
"ISL",2018,352.7
"IRL",1970,2950
"IRL",1971,2978
"IRL",1972,3024
"IRL",1973,3073
"IRL",1974,3124
"IRL",1975,3177
"IRL",1976,3228
"IRL",1977,3272
"IRL",1978,3314
"IRL",1979,3368
"IRL",1980,3401
"IRL",1981,3443
"IRL",1982,3480
"IRL",1983,3505
"IRL",1984,3529
"IRL",1985,3541
"IRL",1986,3542
"IRL",1987,3543
"IRL",1988,3531
"IRL",1989,3510
"IRL",1990,3506
"IRL",1991,3526
"IRL",1992,3555
"IRL",1993,3574
"IRL",1994,3586
"IRL",1995,3601.3
"IRL",1996,3626.1
"IRL",1997,3664.3
"IRL",1998,3714.167
"IRL",1999,3754.748
"IRL",2000,3804.248
"IRL",2001,3863.809
"IRL",2002,3931.843
"IRL",2003,3996.984
"IRL",2004,4067.326
"IRL",2005,4159.986
"IRL",2006,4269.826
"IRL",2007,4400.183
"IRL",2008,4496.038
"IRL",2009,4539.145
"IRL",2010,4559.769
"IRL",2011,4578.539
"IRL",2012,4597.437
"IRL",2013,4620.044
"IRL",2014,4652.459
"IRL",2015,4695.769
"IRL",2016,4748.994
"IRL",2017,4802.274
"IRL",2018,4860.65
"ITA",1970,53821.9
"ITA",1971,54073.5
"ITA",1972,54381.3
"ITA",1973,54751.4
"ITA",1974,55110.9
"ITA",1975,55441
"ITA",1976,55718.3
"ITA",1977,55955.4
"ITA",1978,56155.1
"ITA",1979,56317.7
"ITA",1980,56433.9
"ITA",1981,56510.3
"ITA",1982,56543.5
"ITA",1983,56564.1
"ITA",1984,56576.7
"ITA",1985,56593.1
"ITA",1986,56596.2
"ITA",1987,56601.9
"ITA",1988,56629.3
"ITA",1989,56671.8
"ITA",1990,56719.2
"ITA",1991,56775.5
"ITA",1992,56797.1
"ITA",1993,56831.8
"ITA",1994,56843.4
"ITA",1995,56844.3
"ITA",1996,56860.3
"ITA",1997,56890.4
"ITA",1998,56906.7
"ITA",1999,56916.3
"ITA",2000,56942.1
"ITA",2001,56979.8
"ITA",2002,57099.5
"ITA",2003,57412.6
"ITA",2004,57844.8
"ITA",2005,58190.6
"ITA",2006,58428.4
"ITA",2007,58787.4
"ITA",2008,59241.9
"ITA",2009,59578.3
"ITA",2010,59829.6
"ITA",2011,60060
"ITA",2012,60339.1
"ITA",2013,60646.4
"ITA",2014,60789.1
"ITA",2015,60730.6
"ITA",2016,60627.5
"ITA",2017,60536.7
"ITA",2018,60421.8
"JPN",1970,103950.883562
"JPN",1971,104983.17637
"JPN",1972,106416.359589
"JPN",1973,108901.880137
"JPN",1974,110405.219178
"JPN",1975,111768.246575
"JPN",1976,113021.02911
"JPN",1977,114133.5
"JPN",1978,115175.815068
"JPN",1979,116137.952055
"JPN",1980,117060
"JPN",1981,117902
"JPN",1982,118728
"JPN",1983,119536
"JPN",1984,120305
"JPN",1985,121049
"JPN",1986,121660
"JPN",1987,122239
"JPN",1988,122745
"JPN",1989,123205
"JPN",1990,123611
"JPN",1991,124101
"JPN",1992,124567
"JPN",1993,124938
"JPN",1994,125116
"JPN",1995,125436
"JPN",1996,125711
"JPN",1997,126011
"JPN",1998,126349
"JPN",1999,126587
"JPN",2000,126831
"JPN",2001,127132
"JPN",2002,127400
"JPN",2003,127634
"JPN",2004,127734
"JPN",2005,127755
"JPN",2006,127838
"JPN",2007,127980
"JPN",2008,128045
"JPN",2009,128034
"JPN",2010,128043
"JPN",2011,127831
"JPN",2012,127552
"JPN",2013,127333
"JPN",2014,127262
"JPN",2015,127110
"JPN",2016,126933
"JPN",2017,126706
"JPN",2018,126443
"KOR",1970,32241
"KOR",1971,32883
"KOR",1972,33505
"KOR",1973,34103
"KOR",1974,34692
"KOR",1975,35281
"KOR",1976,35849
"KOR",1977,36412
"KOR",1978,36969
"KOR",1979,37534
"KOR",1980,38124
"KOR",1981,38723
"KOR",1982,39326
"KOR",1983,39910
"KOR",1984,40406
"KOR",1985,40806
"KOR",1986,41214
"KOR",1987,41622
"KOR",1988,42031
"KOR",1989,42449
"KOR",1990,42869
"KOR",1991,43296
"KOR",1992,43748
"KOR",1993,44195
"KOR",1994,44642
"KOR",1995,45093
"KOR",1996,45525
"KOR",1997,45954
"KOR",1998,46287
"KOR",1999,46617
"KOR",2000,47008
"KOR",2001,47370
"KOR",2002,47645
"KOR",2003,47892
"KOR",2004,48083
"KOR",2005,48185
"KOR",2006,48438
"KOR",2007,48684
"KOR",2008,49055
"KOR",2009,49308
"KOR",2010,49554
"KOR",2011,49937
"KOR",2012,50200
"KOR",2013,50429
"KOR",2014,50747
"KOR",2015,51015
"KOR",2016,51246
"KOR",2017,51446
"KOR",2018,51655
"LUX",1970,339.20994
"LUX",1971,342.410034
"LUX",1972,346.610157
"LUX",1973,350.510271
"LUX",1974,355.110406
"LUX",1975,359.01052
"LUX",1976,360.810573
"LUX",1977,361.510593
"LUX",1978,362.110611
"LUX",1979,363.010637
"LUX",1980,364.410678
"LUX",1981,365.410708
"LUX",1982,365.610714
"LUX",1983,365.710716
"LUX",1984,366.010725
"LUX",1985,366.610743
"LUX",1986,368.310793
"LUX",1987,370.710863
"LUX",1988,373.910957
"LUX",1989,377.611065
"LUX",1990,381.911191
"LUX",1991,387.111344
"LUX",1992,392.411499
"LUX",1993,398.011663
"LUX",1994,403.811833
"LUX",1995,409.512
"LUX",1996,414.462
"LUX",1997,419.85
"LUX",1998,425.195
"LUX",1999,431.338
"LUX",2000,436.975
"LUX",2001,441.862
"LUX",2002,446.65
"LUX",2003,452.262
"LUX",2004,458.512
"LUX",2005,465.7
"LUX",2006,472.925
"LUX",2007,480.7
"LUX",2008,489.225
"LUX",2009,498.218
"LUX",2010,507.538
"LUX",2011,519.425
"LUX",2012,531.5
"LUX",2013,545.325
"LUX",2014,558.325
"LUX",2015,569.4
"LUX",2016,584.125
"LUX",2017,596.976
"LUX",2018,608.806
"MEX",1970,51676.906976
"MEX",1971,53447.741225
"MEX",1972,55239.87456
"MEX",1973,57084.717698
"MEX",1974,58940.102798
"MEX",1975,60795.487898
"MEX",1976,62640.331037
"MEX",1977,64495.716137
"MEX",1978,66351.101236
"MEX",1979,68238.112218
"MEX",1980,70399.214181
"MEX",1981,72064.843986
"MEX",1982,73741.015753
"MEX",1983,75427.72948
"MEX",1984,77103.901246
"MEX",1985,78769.531051
"MEX",1986,80414.076935
"MEX",1987,82058.622819
"MEX",1988,83724.252624
"MEX",1989,85389.88243
"MEX",1990,87065
"MEX",1991,88631
"MEX",1992,90133
"MEX",1993,91601
"MEX",1994,93055
"MEX",1995,94490
"MEX",1996,95877
"MEX",1997,97205
"MEX",1998,98485
"MEX",1999,99706
"MEX",2000,100896
"MEX",2001,102122
"MEX",2002,103418
"MEX",2003,104720
"MEX",2004,105952
"MEX",2005,107000
"MEX",2006,108246
"MEX",2007,109608
"MEX",2008,111105
"MEX",2009,112664
"MEX",2010,114115
"MEX",2011,115511
"MEX",2012,116885
"MEX",2013,118229
"MEX",2014,119550
"MEX",2015,120846
"MEX",2016,122117
"MEX",2017,123364
"MEX",2018,124582
"NLD",1970,13031.435317
"NLD",1971,13193.428298
"NLD",1972,13329.422405
"NLD",1973,13437.417725
"NLD",1974,13542.413175
"NLD",1975,13659.408106
"NLD",1976,13772.403209
"NLD",1977,13855.399613
"NLD",1978,13938.396016
"NLD",1979,14033.3919
"NLD",1980,14147.38696
"NLD",1981,14246.382671
"NLD",1982,14311.379854
"NLD",1983,14367.377428
"NLD",1984,14422.375044
"NLD",1985,14487.372228
"NLD",1986,14566.368805
"NLD",1987,14663.364602
"NLD",1988,14759.360442
"NLD",1989,14845.356716
"NLD",1990,14946.352339
"NLD",1991,15067.347096
"NLD",1992,15181.342157
"NLD",1993,15289.337477
"NLD",1994,15380.333534
"NLD",1995,15459
"NLD",1996,15530
"NLD",1997,15611
"NLD",1998,15707
"NLD",1999,15812
"NLD",2000,15926
"NLD",2001,16046
"NLD",2002,16149
"NLD",2003,16225
"NLD",2004,16282
"NLD",2005,16320
"NLD",2006,16346
"NLD",2007,16382
"NLD",2008,16446
"NLD",2009,16530
"NLD",2010,16615
"NLD",2011,16693
"NLD",2012,16755
"NLD",2013,16804
"NLD",2014,16865
"NLD",2015,16940
"NLD",2016,17030
"NLD",2017,17131
"NLD",2018,17232
"NZL",1970,2820
"NZL",1971,2864
"NZL",1972,2913
"NZL",1973,2971
"NZL",1974,3032
"NZL",1975,3087
"NZL",1976,3116
"NZL",1977,3128
"NZL",1978,3129
"NZL",1979,3138
"NZL",1980,3144
"NZL",1981,3157
"NZL",1982,3183
"NZL",1983,3226
"NZL",1984,3258
"NZL",1985,3272
"NZL",1986,3282
"NZL",1987,3310
"NZL",1988,3318
"NZL",1989,3337
"NZL",1990,3373
"NZL",1991,3506
"NZL",1992,3542
"NZL",1993,3585
"NZL",1994,3634
"NZL",1995,3691
"NZL",1996,3747
"NZL",1997,3792
"NZL",1998,3822
"NZL",1999,3843
"NZL",2000,3865
"NZL",2001,3900
"NZL",2002,3970
"NZL",2003,4045
"NZL",2004,4101
"NZL",2005,4148
"NZL",2006,4197
"NZL",2007,4235
"NZL",2008,4271
"NZL",2009,4318
"NZL",2010,4363
"NZL",2011,4393
"NZL",2012,4418
"NZL",2013,4460
"NZL",2014,4534
"NZL",2015,4634.9
"NZL",2016,4734.2
"NZL",2017,4831.9
"NZL",2018,4923
"NOR",1970,3877
"NOR",1971,3903
"NOR",1972,3933
"NOR",1973,3960
"NOR",1974,3985
"NOR",1975,4007
"NOR",1976,4026
"NOR",1977,4043
"NOR",1978,4059
"NOR",1979,4073
"NOR",1980,4086
"NOR",1981,4100
"NOR",1982,4115
"NOR",1983,4128
"NOR",1984,4140
"NOR",1985,4153
"NOR",1986,4167
"NOR",1987,4187
"NOR",1988,4209
"NOR",1989,4227
"NOR",1990,4241
"NOR",1991,4262
"NOR",1992,4286
"NOR",1993,4312
"NOR",1994,4337
"NOR",1995,4359
"NOR",1996,4381
"NOR",1997,4405
"NOR",1998,4431
"NOR",1999,4462
"NOR",2000,4491
"NOR",2001,4514
"NOR",2002,4538
"NOR",2003,4565
"NOR",2004,4592
"NOR",2005,4623
"NOR",2006,4661
"NOR",2007,4709
"NOR",2008,4768
"NOR",2009,4829
"NOR",2010,4889
"NOR",2011,4953
"NOR",2012,5019
"NOR",2013,5080
"NOR",2014,5137
"NOR",2015,5191
"NOR",2016,5236
"NOR",2017,5277
"NOR",2018,5314
"POL",1970,32526.424904
"POL",1971,32800.428484
"POL",1972,33070.432011
"POL",1973,33371.435943
"POL",1974,33691.440123
"POL",1975,34022.444447
"POL",1976,34362.448889
"POL",1977,34698.453278
"POL",1978,35010.457354
"POL",1979,35256.460568
"POL",1980,35578.464774
"POL",1981,35902.469007
"POL",1982,36227.473252
"POL",1983,36571.477746
"POL",1984,36914.482227
"POL",1985,37203.486002
"POL",1986,37456.489308
"POL",1987,37664.492025
"POL",1988,37862.494611
"POL",1989,37937.495591
"POL",1990,38031.496819
"POL",1991,38109.497838
"POL",1992,38173.498674
"POL",1993,38221.499301
"POL",1994,38252.499706
"POL",1995,38275
"POL",1996,38289
"POL",1997,38292
"POL",1998,38284
"POL",1999,38270
"POL",2000,38256
"POL",2001,38251
"POL",2002,38232
"POL",2003,38195
"POL",2004,38180
"POL",2005,38161
"POL",2006,38132
"POL",2007,38116
"POL",2008,38116
"POL",2009,38483
"POL",2010,38517
"POL",2011,38526
"POL",2012,38534
"POL",2013,38502
"POL",2014,38484
"POL",2015,38455
"POL",2016,38427
"POL",2017,38422
"POL",2018,38413
"PRT",1970,8804.550506
"PRT",1971,8727.813598
"PRT",1972,8714.687548
"PRT",1973,8717.716636
"PRT",1974,8839.889871
"PRT",1975,9182.176869
"PRT",1976,9446.717263
"PRT",1977,9547.686879
"PRT",1978,9651.685583
"PRT",1979,9755.684287
"PRT",1980,9861.702384
"PRT",1981,9946.516861
"PRT",1982,10008.108327
"PRT",1983,10051.525262
"PRT",1984,10085.854931
"PRT",1985,10108.068247
"PRT",1986,10108.068247
"PRT",1987,10090.903412
"PRT",1988,10064.651312
"PRT",1989,10033.350731
"PRT",1990,9994.982277
"PRT",1991,9966.710785
"PRT",1992,9962.7
"PRT",1993,9973.8
"PRT",1994,9997.8
"PRT",1995,10026.2
"PRT",1996,10063.9
"PRT",1997,10109
"PRT",1998,10160.2
"PRT",1999,10217.8
"PRT",2000,10289.9
"PRT",2001,10362.7
"PRT",2002,10419.6
"PRT",2003,10458.8
"PRT",2004,10483.9
"PRT",2005,10503.3
"PRT",2006,10522.3
"PRT",2007,10543
"PRT",2008,10558.2
"PRT",2009,10568.2
"PRT",2010,10573.1
"PRT",2011,10557.6
"PRT",2012,10514.8
"PRT",2013,10457.3
"PRT",2014,10401.1
"PRT",2015,10358.1
"PRT",2016,10325.5
"PRT",2017,10300.3
"PRT",2018,10283.8
"SVK",1990,5297.999753
"SVK",1991,5282.999754
"SVK",1992,5306.999753
"SVK",1993,5324.999752
"SVK",1994,5346.899751
"SVK",1995,5363.357
"SVK",1996,5373.648
"SVK",1997,5383.472
"SVK",1998,5390.838
"SVK",1999,5395.608
"SVK",2000,5400.704
"SVK",2001,5379.528
"SVK",2002,5378.661
"SVK",2003,5379.331
"SVK",2004,5382.364
"SVK",2005,5387.099
"SVK",2006,5390.92
"SVK",2007,5396.568
"SVK",2008,5405.86
"SVK",2009,5417.758
"SVK",2010,5429.973
"SVK",2011,5398.108
"SVK",2012,5406.244
"SVK",2013,5413.003
"SVK",2014,5418.55875
"SVK",2015,5422.343
"SVK",2016,5430.804
"SVK",2017,5438.389
"SVK",2018,5446.01075
"ESP",1970,34304.293068
"ESP",1971,34622.262959
"ESP",1972,34934.156992
"ESP",1973,35250.101597
"ESP",1974,35591.362276
"ESP",1975,35964.014887
"ESP",1976,36391.350218
"ESP",1977,36826.786693
"ESP",1978,37242.982952
"ESP",1979,37577.15513
"ESP",1980,37984.237602
"ESP",1981,38218.158126
"ESP",1982,38423.724648
"ESP",1983,38604.987739
"ESP",1984,38762.960041
"ESP",1985,38905.742699
"ESP",1986,39024.221926
"ESP",1987,39120.423008
"ESP",1988,39206.49766
"ESP",1989,39282.445882
"ESP",1990,39342.191817
"ESP",1991,39411.962917
"ESP",1992,39504.113427
"ESP",1993,39590.491872
"ESP",1994,39661.478144
"ESP",1995,39718.895
"ESP",1996,39884.247
"ESP",1997,40049.974
"ESP",1998,40214.066
"ESP",1999,40369.667
"ESP",2000,40554.387
"ESP",2001,40766.05
"ESP",2002,41423.52
"ESP",2003,42196.231
"ESP",2004,42859.173
"ESP",2005,43662.613
"ESP",2006,44360.521
"ESP",2007,45236.005
"ESP",2008,45983.168
"ESP",2009,46367.55
"ESP",2010,46562.483
"ESP",2011,46736.257
"ESP",2012,46766.403
"ESP",2013,46593.236
"ESP",2014,46455.123
"ESP",2015,46410.149
"ESP",2016,46449.874
"ESP",2017,46532.869
"ESP",2018,46728.962
"SWE",1970,8042.908882
"SWE",1971,8097.908259
"SWE",1972,8121.907987
"SWE",1973,8136.907817
"SWE",1974,8160.907545
"SWE",1975,8191.907194
"SWE",1976,8221.906854
"SWE",1977,8250.906525
"SWE",1978,8274.906254
"SWE",1979,8293.906038
"SWE",1980,8309.905857
"SWE",1981,8319.905744
"SWE",1982,8324.905687
"SWE",1983,8328.905642
"SWE",1984,8336.905551
"SWE",1985,8349.905404
"SWE",1986,8369.905177
"SWE",1987,8397.90486
"SWE",1988,8435.90443
"SWE",1989,8492.903784
"SWE",1990,8558.903036
"SWE",1991,8616.902379
"SWE",1992,8667.901801
"SWE",1993,8718.6
"SWE",1994,8780.7
"SWE",1995,8826.9
"SWE",1996,8841
"SWE",1997,8846.1
"SWE",1998,8851
"SWE",1999,8857.9
"SWE",2000,8872.1
"SWE",2001,8896
"SWE",2002,8925
"SWE",2003,8958.2
"SWE",2004,8993.5
"SWE",2005,9029.6
"SWE",2006,9080.5
"SWE",2007,9148.1
"SWE",2008,9219.6
"SWE",2009,9298.5
"SWE",2010,9378.1
"SWE",2011,9449.2
"SWE",2012,9519.4
"SWE",2013,9600.4
"SWE",2014,9696.1
"SWE",2015,9799.2
"SWE",2016,9923.1
"SWE",2017,10057.7
"SWE",2018,10175.2135
"CHE",1970,6267
"CHE",1971,6343.293
"CHE",1972,6401.369
"CHE",1973,6441.142
"CHE",1974,6459.992
"CHE",1975,6403.521
"CHE",1976,6333.313
"CHE",1977,6316.424
"CHE",1978,6332.568
"CHE",1979,6350.84
"CHE",1980,6385.229
"CHE",1981,6429.168
"CHE",1982,6467.237
"CHE",1983,6481.975
"CHE",1984,6505.148
"CHE",1985,6533.321
"CHE",1986,6572.943
"CHE",1987,6619.012
"CHE",1988,6671.536
"CHE",1989,6723.042
"CHE",1990,6796.279
"CHE",1991,6880.088
"CHE",1992,6943.095
"CHE",1993,6988.858
"CHE",1994,7036.852
"CHE",1995,7095.469
"CHE",1996,7130.569
"CHE",1997,7150.4045
"CHE",1998,7170.7105
"CHE",1999,7209.8275
"CHE",2000,7249.2065
"CHE",2001,7280.452
"CHE",2002,7333.734
"CHE",2003,7387.9925
"CHE",2004,7438.4
"CHE",2005,7482.37
"CHE",2006,7525.1405
"CHE",2007,7588.6625
"CHE",2008,7680.1115
"CHE",2009,7774.538
"CHE",2010,7855.6735
"CHE",2011,7912.398
"CHE",2012,7996.861
"CHE",2013,8089.3455
"CHE",2014,8188.6485
"CHE",2015,8282.396
"CHE",2016,8373.338
"CHE",2017,8451.84
"CHE",2018,8514.328
"TUR",1970,35321
"TUR",1971,36215
"TUR",1972,37132
"TUR",1973,38072
"TUR",1974,39036
"TUR",1975,40078
"TUR",1976,40915
"TUR",1977,41768
"TUR",1978,42640
"TUR",1979,43530
"TUR",1980,44438
"TUR",1981,45540
"TUR",1982,46688
"TUR",1983,47864
"TUR",1984,49070
"TUR",1985,50306
"TUR",1986,51480
"TUR",1987,52370
"TUR",1988,53268
"TUR",1989,54192
"TUR",1990,55120
"TUR",1991,56055
"TUR",1992,56986
"TUR",1993,57913
"TUR",1994,58837
"TUR",1995,59756
"TUR",1996,60671
"TUR",1997,61582
"TUR",1998,62464
"TUR",1999,63364
"TUR",2000,64269
"TUR",2001,65166
"TUR",2002,66003
"TUR",2003,66795
"TUR",2004,67599
"TUR",2005,68435
"TUR",2006,69295
"TUR",2007,70158
"TUR",2008,71052
"TUR",2009,72039
"TUR",2010,73142
"TUR",2011,74224
"TUR",2012,75176
"TUR",2013,76148
"TUR",2014,77182
"TUR",2015,78218
"TUR",2016,79278
"TUR",2017,80313
"TUR",2018,81407
"GBR",1970,55632
"GBR",1971,55928
"GBR",1972,56097
"GBR",1973,56223
"GBR",1974,56236
"GBR",1975,56226
"GBR",1976,56216
"GBR",1977,56190
"GBR",1978,56178
"GBR",1979,56240
"GBR",1980,56330
"GBR",1981,56358
"GBR",1982,56291
"GBR",1983,56316
"GBR",1984,56409
"GBR",1985,56554
"GBR",1986,56684
"GBR",1987,56804
"GBR",1988,56916
"GBR",1989,57077
"GBR",1990,57238
"GBR",1991,57439
"GBR",1992,57585
"GBR",1993,57714
"GBR",1994,57862
"GBR",1995,58025
"GBR",1996,58164
"GBR",1997,58314
"GBR",1998,58475
"GBR",1999,58684
"GBR",2000,58886
"GBR",2001,59113
"GBR",2002,59366
"GBR",2003,59637
"GBR",2004,59950
"GBR",2005,60413
"GBR",2006,60827
"GBR",2007,61319
"GBR",2008,61824
"GBR",2009,62261
"GBR",2010,62760
"GBR",2011,63285
"GBR",2012,63705
"GBR",2013,64106
"GBR",2014,64597
"GBR",2015,65110
"GBR",2016,65648
"GBR",2017,66040
"GBR",2018,66436
"USA",1970,205089
"USA",1971,207692
"USA",1972,209924
"USA",1973,211939
"USA",1974,213898
"USA",1975,215981
"USA",1976,218086
"USA",1977,220289
"USA",1978,222629
"USA",1979,225106
"USA",1980,227726
"USA",1981,230008
"USA",1982,232218
"USA",1983,234333
"USA",1984,236394
"USA",1985,238506
"USA",1986,240683
"USA",1987,242843
"USA",1988,245061
"USA",1989,247387
"USA",1990,250181
"USA",1991,253530
"USA",1992,256922
"USA",1993,260282
"USA",1994,263455
"USA",1995,266588
"USA",1996,269714
"USA",1997,272958
"USA",1998,276154
"USA",1999,279328
"USA",2000,282398
"USA",2001,285225
"USA",2002,287955
"USA",2003,290626
"USA",2004,293262
"USA",2005,295993
"USA",2006,298818
"USA",2007,301696
"USA",2008,304543
"USA",2009,307240
"USA",2010,309780
"USA",2011,312033
"USA",2012,314255
"USA",2013,316421
"USA",2014,318717
"USA",2015,321026
"USA",2016,323317
"USA",2017,325410
"USA",2018,327436
"CHL",1986,12317.494
"CHL",1987,12532.815
"CHL",1988,12748.135
"CHL",1989,12963.457
"CHL",1990,13178.782
"CHL",1991,13422.01
"CHL",1992,13665.241
"CHL",1993,13908.473
"CHL",1994,14151.708
"CHL",1995,14394.94
"CHL",1996,14595.504
"CHL",1997,14796.076
"CHL",1998,14996.647
"CHL",1999,15197.213
"CHL",2000,15397.784
"CHL",2001,15571.679
"CHL",2002,15745.583
"CHL",2003,15919.479
"CHL",2004,16090.05447
"CHL",2005,16283.29545
"CHL",2006,16426.18131
"CHL",2007,16598.35175
"CHL",2008,16763.59525
"CHL",2009,16927.785
"CHL",2010,17093.32725
"CHL",2011,17267.34425
"CHL",2012,17449.97625
"CHL",2013,17639.7
"CHL",2014,17836.234
"CHL",2015,18044.70125
"CHL",2016,18277.63225
"CHL",2017,18522.43425
"CHL",2018,18770
"CHN",1970,829920
"CHN",1971,852290
"CHN",1972,871770
"CHN",1973,892110
"CHN",1974,908590
"CHN",1975,924200
"CHN",1976,937170
"CHN",1977,949740
"CHN",1978,962590
"CHN",1979,975420
"CHN",1980,987050
"CHN",1981,1000720
"CHN",1982,1016540
"CHN",1983,1030080
"CHN",1984,1043570
"CHN",1985,1058510
"CHN",1986,1075070
"CHN",1987,1093000
"CHN",1988,1110260
"CHN",1989,1127040
"CHN",1990,1143330
"CHN",1991,1158230
"CHN",1992,1171710
"CHN",1993,1185170
"CHN",1994,1198500
"CHN",1995,1211210
"CHN",1996,1223890
"CHN",1997,1236260
"CHN",1998,1247610
"CHN",1999,1257860
"CHN",2000,1267430
"CHN",2001,1276270
"CHN",2002,1284530
"CHN",2003,1292270
"CHN",2004,1299880
"CHN",2005,1307560
"CHN",2006,1314480
"CHN",2007,1321290
"CHN",2008,1328020
"CHN",2009,1334500
"CHN",2010,1340910
"CHN",2011,1347350
"CHN",2012,1354040
"CHN",2013,1360720
"CHN",2014,1367820
"CHN",2015,1374620
"CHN",2016,1382710
"CHN",2017,1390080
"COL",1985,30802.221
"COL",1986,31439.997
"COL",1987,32096.973
"COL",1988,32767.11
"COL",1989,33446.912
"COL",1990,34130.022
"COL",1991,34830.57
"COL",1992,35520.94
"COL",1993,36207.108
"COL",1994,36853.905
"COL",1995,37472.184
"COL",1996,38068.05
"COL",1997,38635.691
"COL",1998,39184.456
"COL",1999,39730.798
"COL",2000,40295.563
"COL",2001,40813.541
"COL",2002,41328.824
"COL",2003,41848.959
"COL",2004,42368.489
"COL",2005,42888.592
"COL",2006,43405.956
"COL",2007,43926.929
"COL",2008,44451.147
"COL",2009,44978.832
"COL",2010,45509.584
"COL",2011,46044.601
"COL",2012,46581.823
"COL",2013,47121.089
"COL",2014,47661.787
"COL",2015,48203.405
"COL",2016,48747.708
"COL",2017,49291.609
"EST",1993,1511.3
"EST",1994,1477
"EST",1995,1448.1
"EST",1996,1425.2
"EST",1997,1406
"EST",1998,1393.1
"EST",1999,1379.2
"EST",2000,1401.3
"EST",2001,1392.7
"EST",2002,1383.5
"EST",2003,1375.2
"EST",2004,1366.3
"EST",2005,1358.9
"EST",2006,1350.7
"EST",2007,1342.9
"EST",2008,1338.4
"EST",2009,1335.7
"EST",2010,1333.3
"EST",2011,1329.7
"EST",2012,1325.2
"EST",2013,1320.2
"EST",2014,1315.8
"EST",2015,1313.3
"EST",2016,1315.9
"EST",2017,1315.6
"EST",2018,1319.1
"IND",2004,1097111.430412
"IND",2005,1114238.055129
"IND",2006,1130357.231333
"IND",2007,1146476.407538
"IND",2008,1162595.583742
"IND",2009,1178714.759946
"IND",2010,1203521.164677
"IND",2011,1220000
"IND",2012,1235000
"IND",2013,1251000
"IND",2014,1267000
"IND",2015,1283000
"IND",2016,1299000
"IDN",1970,117469
"IDN",1971,119208
"IDN",1972,123115
"IDN",1973,126088
"IDN",1974,129083
"IDN",1975,132110
"IDN",1976,135190
"IDN",1977,138342
"IDN",1978,141579
"IDN",1979,144893
"IDN",1980,147490
"IDN",1981,151315
"IDN",1982,154662
"IDN",1983,158083
"IDN",1984,161850
"IDN",1985,165154
"IDN",1986,164908.126
"IDN",1987,168167.806
"IDN",1988,171491.918
"IDN",1989,174881.738
"IDN",1990,177325.69
"IDN",1991,179803.796
"IDN",1992,182316.534
"IDN",1993,184864.386
"IDN",1994,187447.845
"IDN",1995,190067.407
"IDN",1996,192723.577
"IDN",1997,195416.867
"IDN",1998,198147.795
"IDN",1999,200916.888
"IDN",2000,205132.483
"IDN",2001,208250.492
"IDN",2002,211415.902
"IDN",2003,214629.366
"IDN",2004,217891.804
"IDN",2005,221203.704
"IDN",2006,224566.029
"IDN",2007,227979.424
"IDN",2008,231444.727
"IDN",2009,234962.716
"IDN",2010,238518.8
"IDN",2011,241990.7
"IDN",2012,245425.2
"IDN",2013,248818.1
"IDN",2014,252164.8
"IDN",2015,255461.7
"IDN",2016,258705
"IDN",2017,261890.9
"ISR",1995,5545.775
"ISR",1996,5688.475
"ISR",1997,5834.875
"ISR",1998,5979.375
"ISR",1999,6136.875
"ISR",2000,6303.8
"ISR",2001,6456.725
"ISR",2002,6590.875
"ISR",2003,6713.9
"ISR",2004,6836.575
"ISR",2005,6961.175
"ISR",2006,7088.375
"ISR",2007,7218.525
"ISR",2008,7351.075
"ISR",2009,7482.05
"ISR",2010,7620.825
"ISR",2011,7763.075
"ISR",2012,7907.225
"ISR",2013,8056.025
"ISR",2014,8212.05
"ISR",2015,8377.1
"ISR",2016,8543.375
"ISR",2017,8709.725
"ISR",2018,8881
"LVA",1995,2485.056
"LVA",1996,2457.222
"LVA",1997,2432.851
"LVA",1998,2410.019
"LVA",1999,2390.5
"LVA",2000,2367.613
"LVA",2001,2337.7
"LVA",2002,2310.375
"LVA",2003,2288.088
"LVA",2004,2263
"LVA",2005,2238.75
"LVA",2006,2218.663
"LVA",2007,2201.025
"LVA",2008,2177.725
"LVA",2009,2141.988
"LVA",2010,2097.288
"LVA",2011,2058.825
"LVA",2012,2033.65
"LVA",2013,2012.813
"LVA",2014,1994.25
"LVA",2015,1977.313
"LVA",2016,1959.338
"LVA",2017,1941.163
"LVA",2018,1926.25
"RUS",1970,130252.3
"RUS",1971,130933.95
"RUS",1972,131686.75
"RUS",1973,132434.2
"RUS",1974,133216.65
"RUS",1975,134091.5
"RUS",1976,135026.45
"RUS",1977,135979.45
"RUS",1978,136922.15
"RUS",1979,137757.9
"RUS",1980,138482.9
"RUS",1981,139221.5
"RUS",1982,140066.8
"RUS",1983,141056.25
"RUS",1984,142060.85
"RUS",1985,143033.45
"RUS",1986,144155.8
"RUS",1987,145386
"RUS",1988,146493.7
"RUS",1989,147332.1
"RUS",1990,147969.41
"RUS",1991,148394.22
"RUS",1992,148538.19
"RUS",1993,148458.78
"RUS",1994,148407.9
"RUS",1995,148375.79
"RUS",1996,148160.13
"RUS",1997,147915.37
"RUS",1998,147670.78
"RUS",1999,147214.78
"RUS",2000,146596.87
"RUS",2001,145976.47
"RUS",2002,145306.49
"RUS",2003,144648.62
"RUS",2004,144067.32
"RUS",2005,143518.81
"RUS",2006,143049.64
"RUS",2007,142805.11
"RUS",2008,142742.37
"RUS",2009,142785.35
"RUS",2010,142849.47
"RUS",2011,142960.91
"RUS",2012,143201.72
"RUS",2013,143507
"RUS",2014,146090.613
"RUS",2015,146406
"RUS",2016,146674.54
"RUS",2017,146842.4
"SVN",1995,1988.688625
"SVN",1996,1989.856125
"SVN",1997,1986.32675
"SVN",1998,1982.353125
"SVN",1999,1983.713625
"SVN",2000,1989.395125
"SVN",2001,1991.951
"SVN",2002,1995.031875
"SVN",2003,1996.2775
"SVN",2004,1997.270625
"SVN",2005,2000.81275
"SVN",2006,2007.847875
"SVN",2007,2018.864875
"SVN",2008,2021.972375
"SVN",2009,2041.6595
"SVN",2010,2048.820625
"SVN",2011,2052.839125
"SVN",2012,2056.767625
"SVN",2013,2059.54675
"SVN",2014,2061.800375
"SVN",2015,2063.298
"SVN",2016,2064.633125
"SVN",2017,2065.818625
"SVN",2018,2071.95575
"ZAF",1985,32313.0847
"ZAF",1986,33066.3116
"ZAF",1987,33825.9014
"ZAF",1988,34592.5858
"ZAF",1989,35366.1876
"ZAF",1990,36146.1228
"ZAF",1991,36939.7789
"ZAF",1992,37745.4998
"ZAF",1993,38560.9994
"ZAF",1994,39382.4028
"ZAF",1995,40203.5469
"ZAF",1996,41015.6872
"ZAF",1997,41824.4291
"ZAF",1998,42615.2393
"ZAF",1999,43378.8574
"ZAF",2000,44107.8586
"ZAF",2001,44819.777
"ZAF",2002,45920.830606
"ZAF",2003,46460.58146
"ZAF",2004,47020.712718
"ZAF",2005,47601.908748
"ZAF",2006,48204.889342
"ZAF",2007,48830.411277
"ZAF",2008,49479.269957
"ZAF",2009,50152.301159
"ZAF",2010,50850.382886
"ZAF",2011,51770.56
"ZAF",2012,52325.432882
"ZAF",2013,53104.386458
"ZAF",2014,53912.365691
"ZAF",2015,54750.491457
"ZAF",2016,55619.94047
"ZAF",2017,56521.948042
"DEW",1970,60651
"DEW",1971,61302
"DEW",1972,61672
"DEW",1973,61976
"DEW",1974,62054
"DEW",1975,61829
"DEW",1976,61531
"DEW",1977,61400
"DEW",1978,61327
"DEW",1979,61359
"DEW",1980,61566
"DEW",1981,61682
"DEW",1982,61638
"DEW",1983,61423
"DEW",1984,61175
"DEW",1985,61024
"DEW",1986,61066
"DEW",1987,61077
"DEW",1988,61450
"DEW",1989,62063
"DEW",1990,63254
"DEW",1991,64074
"OTF",1970,817889.643013
"OTF",1971,828103.117402
"OTF",1972,837725.34234
"OTF",1973,848040.289141
"OTF",1974,857069.509371
"OTF",1975,865814.486298
"OTF",1976,874012.278858
"OTF",1977,882244.115376
"OTF",1978,890500.692413
"OTF",1979,898966.428579
"OTF",1980,908235.825512
"OTF",1981,916355.0183
"OTF",1982,924148.932716
"OTF",1983,931570.884387
"OTF",1984,938731.373407
"OTF",1985,945977.424356
"OTF",1986,953274.018301
"OTF",1987,960386.397768
"OTF",1988,967933.820377
"OTF",1989,976009.57677
"OTF",1990,984613.195221
"OTF",1991,993833.603046
"OTF",1992,1002752.125383
"OTF",1993,1011262.569495
"OTF",1994,1019042.828073
"OTF",1995,1026817.229
"OTF",1996,1034563.533
"OTF",1997,1042261.7295
"OTF",1998,1049630.8665
"OTF",1999,1057027.2945
"OTF",2000,1064657.4085
"OTF",2001,1072360.108
"OTF",2002,1080432.591
"OTF",2003,1088463.1355
"OTF",2004,1096191.819
"OTF",2005,1103942.563
"OTF",2006,1111973.0585
"OTF",2007,1120695.0665
"OTF",2008,1129632.4195
"OTF",2009,1137768.829
"OTF",2010,1145465.7895
"OTF",2011,1152725.628
"OTF",2012,1159656.397
"OTF",2013,1166422.7915
"OTF",2014,1173686.9045
"OTF",2015,1180905.705
"OTF",2016,1188419.513
"OTF",2017,1195177.201
"OTF",2018,1201885.1825
"EU15",1970,342099.088476
"EU15",1971,344405.402808
"EU15",1972,346423.713191
"EU15",1973,348249.064305
"EU15",1974,349765.924394
"EU15",1975,351083.043825
"EU15",1976,352245.557712
"EU15",1977,353429.27624
"EU15",1978,354597.588109
"EU15",1979,355828.750306
"EU15",1980,357322.184331
"EU15",1981,358456.988313
"EU15",1982,359147.540963
"EU15",1983,359667.187907
"EU15",1984,360123.373161
"EU15",1985,360710.753305
"EU15",1986,361439.111366
"EU15",1987,362181.299949
"EU15",1988,363332.199752
"EU15",1989,364755.72534
"EU15",1990,366345.890221
"EU15",1991,367993.130046
"EU15",1992,369514.063383
"EU15",1993,370864.364495
"EU15",1994,371857.807073
"EU15",1995,372734.149
"EU15",1996,373703.046
"EU15",1997,374604.477
"EU15",1998,375431.583
"EU15",1999,376419.681
"EU15",2000,377654.472
"EU15",2001,379070.26
"EU15",2002,381028.639
"EU15",2003,383146.513
"EU15",2004,385267.115
"EU15",2005,387606.129
"EU15",2006,389629.113
"EU15",2007,392009.476
"EU15",2008,394298.935
"EU15",2009,395922.82
"EU15",2010,397369.042
"EU15",2011,398929.45
"EU15",2012,400349.791
"EU15",2013,401629.176
"EU15",2014,403030.808
"EU15",2015,404732.701
"EU15",2016,406549.188
"EU15",2017,407891.893
"EU15",2018,409206.3985
"EU28",1995,483151.6965
"EU28",1996,483784.9803
"EU28",1997,484444.9645
"EU28",1998,485050.8983
"EU28",1999,486050.3113
"EU28",2000,487039.319
"EU28",2001,488022.8688
"EU28",2002,489086.5203
"EU28",2003,490947.0751
"EU28",2004,492817.529
"EU28",2005,494910.3282
"EU28",2006,496699.1632
"EU28",2007,498724.2613
"EU28",2008,500693.1351
"EU28",2009,502498.8598
"EU28",2010,503731.7232
"EU28",2011,504837.9054
"EU28",2012,506042.4073
"EU28",2013,507094.5218
"EU28",2014,508292.866
"EU28",2015,509753.022
"EU28",2016,511308.418
"EU28",2017,512401.2062
"EU28",2018,513691.2745
"OECD",1970,892595.886064
"OECD",1971,903742.261739
"OECD",1972,914243.383092
"OECD",1973,925500.499694
"OECD",1974,935354.451142
"OECD",1975,944898.196432
"OECD",1976,953844.777401
"OECD",1977,962828.51191
"OECD",1978,971839.246743
"OECD",1979,981078.245352
"OECD",1980,991194.311302
"OECD",1981,1000055.113175
"OECD",1982,1008560.925669
"OECD",1983,1016660.800248
"OECD",1984,1024475.330113
"OECD",1985,1032383.237155
"OECD",1986,1040346.303803
"OECD",1987,1048108.329775
"OECD",1988,1056345.135839
"OECD",1989,1065158.533826
"OECD",1990,1074548.008922
"OECD",1991,1084610.611087
"OECD",1992,1094343.753469
"OECD",1993,1103631.543659
"OECD",1994,1112122.452987
"OECD",1995,1120606.969625
"OECD",1996,1128610.629125
"OECD",1997,1136562.65825
"OECD",1998,1144178.011625
"OECD",1999,1151824.918125
"OECD",2000,1159756.978625
"OECD",2001,1167623.977
"OECD",2002,1175871.065875
"OECD",2003,1184076.827
"OECD",2004,1191998.527095
"OECD",2005,1199977.2522
"OECD",2006,1208195.670685
"OECD",2007,1217197.064125
"OECD",2008,1226473.158125
"OECD",2009,1235275.8275
"OECD",2010,1243220.875375
"OECD",2011,1250618.033375
"OECD",2012,1257786.880875
"OECD",2013,1264787.56925
"OECD",2014,1272333.215625
"OECD",2015,1279849.64025
"OECD",2016,1287685.733375
"OECD",2017,1294798.225875
"OECD",2018,1301916.036
"OECDE",1995,518061.043625
"OECDE",1996,519917.632125
"OECDE",1997,521682.75925
"OECDE",1998,523342.216625
"OECDE",1999,525196.244125
"OECDE",2000,527342.864625
"OECDE",2001,529551.277
"OECDE",2002,532292.989875
"OECDE",2003,535164.118
"OECDE",2004,538069.193625
"OECDE",2005,541232.61775
"OECDE",2006,544122.609375
"OECDE",2007,547461.659375
"OECDE",2008,550844.514875
"OECDE",2009,553981.7215
"OECDE",2010,556614.649125
"OECDE",2011,559199.834125
"OECDE",2012,561635.634625
"OECDE",2013,563939.37425
"OECDE",2014,566463.883625
"OECDE",2015,569277.031
"OECDE",2016,572217.139125
"OECDE",2017,574665.998625
"OECDE",2018,577174.28
"BRA",2000,173765.726
"BRA",2001,176208.646
"BRA",2002,178499.255
"BRA",2003,180708.344
"BRA",2004,182865.043
"BRA",2005,184991.143
"BRA",2006,187061.61
"BRA",2007,189038.268
"BRA",2008,191010.274
"BRA",2009,192980.905
"BRA",2010,194890.682
"BRA",2011,196603.732
"BRA",2012,198314.934
"BRA",2013,200004.188
"BRA",2014,201717.541
"BRA",2015,203475.683
"BRA",2016,205156.587
"BRA",2017,206851.4
"LTU",1995,3629.1
"LTU",1996,3601.6
"LTU",1997,3575.2
"LTU",1998,3549.3
"LTU",1999,3524.2
"LTU",2000,3499.5
"LTU",2001,3470.818
"LTU",2002,3443.067
"LTU",2003,3415.213
"LTU",2004,3377.075
"LTU",2005,3322.5
"LTU",2006,3269.909
"LTU",2007,3231.294
"LTU",2008,3198.231
"LTU",2009,3162.916
"LTU",2010,3097.282
"LTU",2011,3028.115
"LTU",2012,2987.773
"LTU",2013,2957.689
"LTU",2014,2932.367
"LTU",2015,2904.91
"LTU",2016,2868.231
"LTU",2017,2828.403
"LTU",2018,2801.543
"SAU",1970,5836.389
"SAU",1971,6100.994
"SAU",1972,6393.894
"SAU",1973,6714.095
"SAU",1974,7059.334
"SAU",1975,7428.703
"SAU",1976,7818.613
"SAU",1977,8231.604
"SAU",1978,8679.84
"SAU",1979,9179.621
"SAU",1980,9740.599
"SAU",1981,10366.661
"SAU",1982,11048.08
"SAU",1983,11763.837
"SAU",1984,12484.967
"SAU",1985,13189.115
"SAU",1986,13869.012
"SAU",1987,14525.66
"SAU",1988,15155.223
"SAU",1989,15755.944
"SAU",1990,16326.815
"SAU",1991,16867.829
"SAU",1992,17378.833
"SAU",1993,17859.75
"SAU",1994,18311.09
"SAU",1995,18735.841
"SAU",1996,19131.578
"SAU",1997,19505.576
"SAU",1998,19882.458
"SAU",1999,20294.406
"SAU",2000,20764.312
"SAU",2001,21303.592
"SAU",2002,21906.308
"SAU",2003,22556.425
"SAU",2004,23228.89
"SAU",2005,23905.654
"SAU",2006,24578.301
"SAU",2007,25252.569
"SAU",2008,25940.77
"SAU",2009,26661.492
"SAU",2010,27425.676
"SAU",2011,28238.02
"SAU",2012,29086.357
"SAU",2013,29944.476
"SAU",2014,30776.722
"SAU",2015,31557.144
"SAU",2016,32275.687
"EA19",1995,316595.3895
"EA19",1996,317325.2743
"EA19",1997,317997.0565
"EA19",1998,318593.1223
"EA19",1999,319303.7973
"EA19",2000,320300.649
"EA19",2001,321371.9578
"EA19",2002,322978.0213
"EA19",2003,324732.1931
"EA19",2004,326435.655
"EA19",2005,328195.3242
"EA19",2006,329678.8642
"EA19",2007,331447.1983
"EA19",2008,333100.5281
"EA19",2009,334160.3268
"EA19",2010,334934.9122
"EA19",2011,335760.3994
"EA19",2012,336628.2253
"EA19",2013,337361.0398
"EA19",2014,338105.067
"EA19",2015,339115.17
"EA19",2016,340195.222
"EA19",2017,340939.5402
"EA19",2018,341743.4855
"ARG",2000,36784
"ARG",2001,37156
"ARG",2002,37516
"ARG",2003,37870
"ARG",2004,38226
"ARG",2005,38592
"ARG",2006,38971
"ARG",2007,39356
"ARG",2008,39746
"ARG",2009,40134
"ARG",2010,40788.453
"ARG",2011,41261.49
"ARG",2012,41733.271
"ARG",2013,42202.935
"ARG",2014,42669.5
"ARG",2015,43131.966
"ARG",2016,43590.368
"ARG",2017,44044.817
"CRI",1987,2799.751
"CRI",1988,2876.683
"CRI",1989,2960.255
"CRI",1990,3029.093
"CRI",1991,3099.339
"CRI",1992,3168.612
"CRI",1993,3238.595
"CRI",1994,3333.719
"CRI",1995,3430.694
"CRI",1996,3517.828
"CRI",1997,3609.802
"CRI",1998,3697.323
"CRI",1999,3787.072
"CRI",2000,3869.832
"CRI",2001,3953.042
"CRI",2002,4023.422
"CRI",2003,4081.883
"CRI",2004,4147.673
"CRI",2005,4214.242
"CRI",2006,4280.966
"CRI",2007,4340.634
"CRI",2008,4402.775
"CRI",2009,4470.132
"CRI",2010,4546.674
"CRI",2011,4589.63925
"CRI",2012,4650.5165
"CRI",2013,4710.3535
"CRI",2014,4770.658
"CRI",2015,4829.65375
"CRI",2016,4887.97625
"CRI",2017,4944.8035
"CRI",2018,5000.92775
"PER",2007,28481.901
"PER",2008,28807.034
"PER",2009,29132.013
"PER",2010,29461.933
"PER",2011,29797.694
"PER",2012,30135.875
"PER",2013,30475.144
"PER",2014,30814.175
"ROU",1995,22680.95
"ROU",1996,22607.62
"ROU",1997,22545.93
"ROU",1998,22502.8
"ROU",1999,22458.02
"ROU",2000,22435.21
"ROU",2001,22408.39
"ROU",2002,21675.78
"ROU",2003,21574.37
"ROU",2004,21451.85
"ROU",2005,21319.67
"ROU",2006,21193.75
"ROU",2007,20882.98
"ROU",2008,20537.85
"ROU",2009,20367.44
"ROU",2010,20246.8
"ROU",2011,20147.66
"ROU",2012,20060.18
"ROU",2013,19988.69
"ROU",2014,19916.45
"ROU",2015,19819.7
"ROU",2016,19706.53
"ROU",2017,19591.67
"ROU",2018,19472.07
"HRV",1995,4658.893
"HRV",1996,4581.167
"HRV",1997,4533.028
"HRV",1998,4536.812
"HRV",1999,4527.46
"HRV",2000,4497.735
"HRV",2001,4295.406
"HRV",2002,4305.494
"HRV",2003,4305.384
"HRV",2004,4305.725
"HRV",2005,4310.861
"HRV",2006,4312.487
"HRV",2007,4313.53
"HRV",2008,4311.967
"HRV",2009,4309.796
"HRV",2010,4302.847
"HRV",2011,4289.857
"HRV",2012,4275.984
"HRV",2013,4262.14
"HRV",2014,4246.809
"HRV",2015,4225.316
"HRV",2016,4190.669
"HRV",2017,4154.213
"HRV",2018,4105.493
"BGR",1995,8406.067
"BGR",1996,8362.826
"BGR",1997,8312.068
"BGR",1998,8256.786
"BGR",1999,8210.624
"BGR",2000,8170.172
"BGR",2001,7913.301
"BGR",2002,7868.9
"BGR",2003,7823.557
"BGR",2004,7781.161
"BGR",2005,7739.9
"BGR",2006,7699.02
"BGR",2007,7659.764
"BGR",2008,7623.395
"BGR",2009,7585.131
"BGR",2010,7534.289
"BGR",2011,7348.328
"BGR",2012,7305.888
"BGR",2013,7265.115
"BGR",2014,7223.938
"BGR",2015,7177.991
"BGR",2016,7127.8215
"BGR",2017,7075.9465
"BGR",2018,7025.0365
"ZMB",2006,12383
"ZMB",2007,12726
"ZMB",2008,13083
"ZMB",2009,13456
"ZMB",2010,13850
"ZMB",2011,14265
"ZMB",2012,14700
"ZMB",2013,15153
"ZMB",2014,15621
"ZMB",2015,16101
"ZMB",2016,16591
"ZMB",2017,17094
"ZMB",2018,17609
"CPV",2007,486.438
"CPV",2008,491.723
"CPV",2009,496.963
"CPV",2010,502.384
"CPV",2011,508.067
"CPV",2012,513.979
"CPV",2013,520.106
"CPV",2014,526.437
"CPV",2015,532.913
"CPV",2016,539.56
"CPV",2017,546.388
"MDG",2007,19433.523
"MDG",2008,19996.469
"MDG",2009,20569.121
"MDG",2010,21151.64
"MDG",2011,21743.949
"MDG",2012,22346.573
"MDG",2013,22961.146
"MDG",2014,23589.801
"MDG",2015,24234.088
"MDG",2016,24894.551
"MDG",2017,25570.895
"MAR",2007,30841
"MAR",2008,31178
"MAR",2009,31514
"MAR",2010,31851
"MAR",2011,32186
"MAR",2012,32522
"MAR",2013,32950
"MAR",2014,33769
"MAR",2015,34125
"MAR",2016,34487
"MAR",2017,34852
"SRB",1995,9742.215
"SRB",1996,9770.284
"SRB",1997,9777.437
"SRB",1998,9775.581
"SRB",1999,7540.401
"SRB",2000,7516.346
"SRB",2001,7503.433
"SRB",2002,7500.031
"SRB",2003,7480.591
"SRB",2004,7463.157
"SRB",2005,7440.769
"SRB",2006,7411.569
"SRB",2007,7381.579
"SRB",2008,7350.222
"SRB",2009,7320.807
"SRB",2010,7291.436
"SRB",2011,7236.519
"SRB",2012,7201.497
"SRB",2013,7166.553
"SRB",2014,7131.787
"SRB",2015,7095.383
"SRB",2016,7058.322
"SRB",2017,7020.858
"SRB",2018,6982.604
